#,Title,Artist,Release,BPM,Energy,Dance,Loud,Valence,Length,Acoustic,Pop.,A.Sep,Rnd,Genre
1,We Don't Talk About Bruno,Carolina Gaitán - La Gaita,2021-11-19,206,45,58,-9,83,3:36,36,78,110,7064,Disney
2,You're Welcome,Dwayne Johnson,2016-11-18,135,75,79,-7,67,2:44,29,73,111,4915,Disney
3,Nobody Like U,4*TOWN (From Disney and Pixar’s Turning Red),2022-03-11,105,63,91,-10,75,2:41,13,72,16,2826,Disney
4,The Family Madrigal,Stephanie Beatriz,2021-11-19,141,63,59,-6,56,4:17,12,74,29,3197,Disney
5,Love Power (End Credit Version),Idina Menzel,2022-11-18,96,68,52,-8,7,2:58,1,45,11,6954,Disney
6,"Hakuna Matata - From ""The Lion King""/Soundtrack",Nathan Lane,1994-01-01,170,31,41,-18,73,3:34,62,71,112,7325,Disney
7,I'll Make a Man Out of You,Donny Osmond,1998-01-01,114,32,67,-18,50,3:22,14,71,114,9976,Disney
8,How Far I'll Go,Auli'i Cravalho,2016-11-18,84,31,57,-11,11,2:43,65,72,17,1041,Disney
9,Un Poco Loco,Anthony Gonzalez,2017-11-10,126,50,62,-8,64,1:52,60,70,50,4563,Disney
10,Surface Pressure,Jessica Darrow,2021-11-19,180,58,65,-8,37,3:22,2,74,51,3041,Disney
11,"Let It Go - From ""Frozen""/Soundtrack Version",Idina Menzel,2013-01-01,137,49,54,-7,37,3:44,56,74,123,8787,Disney
12,Part of Your World,Jodi Benson,2006-01-01,62,14,27,-15,30,3:15,92,68,18,4391,Disney
13,"When Will My Life Begin? - From ""Tangled"" / Soundtrack Version",Mandy Moore,2010-01-01,108,42,67,-8,39,2:32,11,69,12,9295,Disney
14,"Love Is an Open Door - From ""Frozen""/Soundtrack Version",Kristen Bell,2013-01-01,100,64,74,-6,54,2:05,26,69,6,2881,Disney
15,"That's How You Know - From ""Enchanted""/Soundtrack Version",Amy Adams,2007-01-01,174,67,49,-5,52,3:49,50,64,30,6757,Disney
16,"I Just Can't Wait to Be King - From ""The Lion King""/Soundtrack Version",Jason Weaver,1994-01-01,99,53,69,-14,90,2:51,32,70,115,8233,Disney
17,A Whole New World,Lea Salonga,2004-01-01,121,23,28,-16,13,2:41,85,67,7,270,Disney
18,A Little More,Jessica Darrow,2022-11-02,126,38,56,-10,22,3:07,75,47,389,1043,Disney
19,Hawaiian Roller Coaster Ride,Mark Keali'i Ho'omalu,2002-01-01,115,62,70,-10,95,3:28,31,66,31,7538,Disney
20,Into the Unknown,Idina Menzel,2019-11-15,145,41,32,-9,27,3:15,85,72,246,5783,Disney
21,When You Wish Upon A Star,Cynthia Erivo,2022-09-08,85,29,16,-10,13,1:58,91,62,116,4812,Disney
22,Under the Sea,Samuel E. Wright,2006-01-01,99,48,51,-15,82,3:15,71,68,8,7436,Disney
23,He Mele No Lilo,Mark Keali'i Ho'omalu,2002-01-01,127,33,73,-12,39,2:28,46,64,254,4690,Disney
24,"I Won't Say (I'm In Love) - From ""Hercules"" / Soundtrack Version",Susan Egan,2001-01-01,121,47,68,-9,45,2:20,21,62,52,7733,Disney
25,"For the First Time in Forever - From ""Frozen""/Soundtrack Version",Kristen Bell,2013-01-01,91,41,35,-6,43,3:45,82,68,105,160,Disney
26,Friend Like Me,Will Smith,2019-05-22,98,73,69,-6,67,2:36,5,68,53,2582,Disney
27,This Is Halloween,The Citizens of Halloween,2006-01-01,168,51,57,-13,65,3:17,77,75,117,3426,Disney
28,Where You Are,Christopher Jackson,2016-11-18,118,66,71,-9,75,3:30,74,67,118,1850,Disney
29,Try Everything,Shakira,2016-02-12,115,61,71,-5,48,3:17,3,69,54,4158,Disney
30,Dig a Little Deeper,Jenifer Lewis,2009-11-23,98,83,72,-4,80,2:48,39,64,119,2736,Disney
31,"You'll Be In My Heart - From ""Tarzan""/Soundtrack Version",Phil Collins,2021-05-28,97,75,57,-7,61,4:18,6,70,32,594,Disney
32,"Colombia, Mi Encanto",Carlos Vives,2021-11-19,124,88,72,-8,81,2:55,2,67,120,1389,Disney
33,Loyal Brave True,Christina Aguilera,2020-09-04,143,39,59,-9,48,2:46,60,60,13,3452,Disney
34,Remember Me (Dúo),Miguel,2017-11-10,85,55,61,-7,57,2:44,42,62,55,4412,Disney
35,"Happy Working Song - From ""Enchanted"" / Soundtrack Version",Amy Adams,2007-01-01,172,34,51,-10,65,2:10,84,58,255,5179,Disney
36,Dos Oruguitas,Sebastian Yatra,2021-11-19,94,36,42,-11,47,3:35,76,64,33,2903,Disney
37,A Whole New World (End Title),ZAYN,2019-05-22,111,41,30,-8,11,4:03,6,61,121,3100,Disney
38,"When We're Human - From ""The Princess and the Frog""/Soundtrack Version",Michael-Leon Wooley,2021-05-28,107,78,69,-4,53,2:22,31,60,122,3287,Disney
39,"Circle of Life - From ""The Lion King""/ Soundtrack",Carmen Twillie,1994-01-01,84,39,40,-16,57,3:59,6,65,56,5987,Disney
40,Waiting On A Miracle,Stephanie Beatriz,2021-11-19,190,55,48,-8,27,2:42,17,69,256,7230,Disney
41,What's This? - From “The Nightmare Before Christmas” / Soundtrack Version,Danny Elfman,2002-08-20,81,47,54,-11,50,3:07,83,57,128,9477,Disney
42,Down in New Orleans (Finale),Anika Noni Rose,2009-11-23,148,83,58,-4,72,1:35,46,59,34,7350,Disney
43,Zero To Hero,Chorus - Hercules,1997-01-01,165,82,47,-8,70,2:21,49,64,129,1902,Disney
44,Speechless (Full),Naomi Scott,2019-05-22,125,49,47,-8,23,3:29,47,69,57,5854,Disney
45,"So Close - From ""Enchanted""/Soundtrack Version",Jon McLaughlin,2007-01-01,80,24,32,-11,19,3:47,78,62,130,5077,Disney
46,What Else Can I Do?,Diane Guerrero,2021-11-19,120,71,72,-6,54,2:59,26,71,131,6140,Disney
47,"In Summer - From ""Frozen""/Soundtrack Version",Josh Gad,2013-01-01,77,34,50,-10,68,1:51,54,59,19,5164,Disney
48,U Know What's Up,4*TOWN (From Disney and Pixar’s Turning Red),2022-03-11,110,52,81,-10,49,3:09,4,64,167,2691,Disney
49,A Dream Is a Wish Your Heart Makes,Lily James,2015-01-01,139,7,27,-18,20,2:01,95,61,132,9482,Disney
50,Be Our Guest,Angela Lansbury,2001-01-01,74,39,44,-13,58,3:45,81,60,14,3265,Disney
51,Some Day My Prince Will Come,Adriana Caselotti,1997-01-01,84,14,38,-19,34,1:54,77,54,35,3624,Disney
52,Belle,Emma Watson,2017-03-10,124,50,52,-8,33,5:33,82,62,36,5614,Disney
53,Show Yourself,Idina Menzel,2019-11-15,123,43,32,-7,17,4:21,72,68,370,7730,Disney
54,"Strangers Like Me - From ""Tarzan""/Soundtrack Version",Phil Collins,2021-05-28,121,81,59,-6,55,3:00,16,63,257,3387,Disney
55,"Do You Want to Build a Snowman? - From ""Frozen""/Soundtrack Version",Kristen Bell,2013-01-01,174,12,31,-16,17,3:27,85,69,197,683,Disney
56,Some Things Never Change,Kristen Bell,2019-11-15,90,54,57,-4,30,3:30,61,66,296,968,Disney
57,"Touch The Sky - From ""Brave""/Soundtrack",Julie Fowlis,2012-01-01,119,64,37,-8,33,2:31,14,63,37,6337,Disney
58,"Mother Knows Best - From ""Tangled""/Soundtrack Version",Donna Murphy,2010-01-01,69,26,40,-11,47,3:10,83,64,58,6666,Disney
59,A Star Is Born,Cheryl Freeman,1997-01-01,118,83,68,-6,73,2:04,38,57,59,9002,Disney
60,A Girl Worth Fighting For,Lea Salonga,1998-01-01,176,35,37,-17,85,2:26,56,62,106,6642,Disney
61,"I've Got a Dream - From ""Tangled""/Soundtrack Version",Mandy Moore,2010-01-01,134,54,60,-7,89,3:11,64,63,124,4799,Disney
62,When I Am Older,Josh Gad,2019-11-15,117,33,73,-7,43,1:51,71,65,168,3155,Disney
63,We're All In This Together,High School Musical Cast,2006-01-01,116,94,76,-6,81,3:51,5,64,20,5484,Disney
64,Arabian Nights,Bruce Adler,1992-01-01,129,20,51,-16,50,1:19,69,60,133,1968,Disney
65,The Bare Necessities,Phil Harris,1997-01-01,103,25,79,-18,55,4:51,77,60,60,4475,Disney
66,I Just Can't Wait to Be King,JD McCrary,2019-07-11,99,70,68,-8,75,3:23,14,59,134,1547,Disney
67,I2I,Tevin Campbell,1995-01-01,130,76,73,-8,78,4:01,4,62,61,3925,Disney
68,Poor Unfortunate Souls,Pat Carroll,2006-01-01,74,18,38,-17,37,4:52,77,61,135,3755,Disney
69,"Supercalifragilisticexpialidocious - From ""Mary Poppins""/Soundtrack Version",Julie Andrews,2013-01-01,157,72,52,-11,90,2:02,57,56,21,8653,Disney
70,You Never Know,Cast of High School Musical: The Musical: The Series,2022-08-03,162,69,48,-7,17,3:17,17,59,22,3734,Disney
71,Lift Me Up - From Black Panther: Wakanda Forever - Music From and Inspired By,Rihanna,2022-10-28,177,30,25,-6,17,3:17,90,90,136,8531,Disney
72,The Gospel Truth I / Main Titles - Hercules,Cheryl Freeman,1997-01-01,158,56,50,-11,47,2:26,25,59,390,3637,Disney
73,It's All Right,Jon Batiste,2020-12-18,105,45,55,-10,61,2:50,59,57,62,1782,Disney
74,All I Want,Olivia Rodrigo,2020-01-10,78,43,38,-7,13,2:57,9,73,3,3207,Disney
75,"Bibbidi-Bobbidi-Boo - From ""Cinderella""",Verna Felton,2001-01-01,106,53,51,-9,89,1:18,95,54,137,4701,Disney
76,"Once Upon a Dream - From ""Maleficent"" / Pop Version",Lana Del Rey,2014-01-01,120,33,25,-15,17,3:20,67,55,63,2788,Disney
77,One Jump Ahead,Brad Kane,2004-01-01,124,33,56,-16,69,2:22,43,56,64,9573,Disney
78,Remember Me (Ernesto de la Cruz),Benjamin Bratt,2017-11-10,129,59,45,-7,61,1:49,56,62,138,921,Disney
79,Carried Me With You,Brandi Carlile,2020-02-28,98,67,64,-8,37,3:34,27,60,139,9051,Disney
80,Into the Unknown - Panic! At The Disco Version,Panic! At The Disco,2019-11-15,117,83,46,-6,31,3:09,2,66,140,7611,Disney
81,Love Is an Open Door,DCappella,2022-02-11,100,72,68,-5,77,2:06,16,52,1,1878,Disney
82,Go the Distance,Roger Bart,1997-01-01,89,13,28,-17,21,3:14,88,64,143,6243,Disney
83,One Way or Another (Hocus Pocus 2 Version),Bette Midler,2022-09-30,81,89,57,-5,68,2:27,7,68,65,3094,Disney
84,The Rose Song,Olivia Rodrigo,2021-07-30,142,37,44,-9,46,2:54,79,53,98,3134,Disney
85,Immortals,Fall Out Boy,2014-11-04,108,86,70,-6,72,3:15,0,64,66,2291,Disney
86,"I See the Light - From ""Tangled"" / Soundtrack Version",Mandy Moore,2010-01-01,93,14,28,-14,17,3:44,83,68,250,4278,Disney
87,"You've Got a Friend in Me - From ""Toy Story""/Soundtrack Version",Randy Newman,1995-01-01,116,33,69,-12,47,2:04,82,69,9,1521,Disney
88,All Is Found - Kacey Musgraves Version,Kacey Musgraves,2019-11-15,153,19,44,-14,11,3:04,95,61,67,2977,Disney
89,Kiss the Girl - Remastered 2014,Samuel E. Wright,2014-12-15,135,24,67,-16,76,2:41,75,56,107,8663,Disney
90,"Mother Knows Best (Reprise) - From ""Tangled""/Soundtrack Version",Donna Murphy,2010-01-01,111,33,55,-11,55,1:38,83,62,391,7166,Disney
91,"Can You Feel the Love Tonight - End Title/ From ""The Lion King""/Soundtrack Version",Elton John,1994-01-01,125,18,31,-17,15,4:01,87,61,144,2922,Disney
92,Two Oruguitas,Sebastian Yatra,2021-11-19,95,41,56,-9,48,3:35,74,63,258,3625,Disney
93,The World Es Mi Familia,Anthony Gonzalez,2017-11-10,116,48,61,-6,56,0:51,86,57,392,8936,Disney
94,When You Wish Upon a Star,Cliff Edwards,1992-01-01,93,26,24,-14,11,3:15,96,56,145,7502,Disney
95,Honor To Us All,Lea Salonga,1998-01-01,168,24,46,-19,65,3:03,45,59,198,9442,Disney
96,1 True Love,4*TOWN (From Disney and Pixar’s Turning Red),2022-03-11,120,36,62,-11,22,3:20,18,58,332,9968,Disney
97,I See the Light,DCappella,2019-11-08,98,33,50,-8,25,3:08,76,52,83,6643,Disney
98,Start of Something New - Nini Version,Olivia Rodrigo,2020-01-10,78,25,48,-8,32,1:41,81,58,164,826,Disney
99,"Reflection - From ""Mulan"" / Soundtrack Version",Lea Salonga,2001-01-01,92,29,32,-14,8,2:27,80,58,297,8406,Disney
100,"Colors of the Wind - From ""Pocahontas"" / Soundtrack Version",Judy Kuhn,1995-01-01,82,16,27,-17,23,3:34,93,63,38,4049,Disney
101,Lost in the Woods,Jonathan Groff,2019-11-15,149,48,37,-7,29,3:01,70,64,146,3114,Disney
102,Trashin' The Camp,Rosie O'Donnell,1999-05-18,97,72,75,-8,57,2:15,17,56,147,3574,Disney
103,Lead the Way,Jhené Aiko,2021-02-26,101,70,55,-5,33,3:44,48,62,148,2453,Disney
104,How Far I'll Go,DCappella,2018-11-16,80,57,41,-7,39,2:43,44,54,141,417,Disney
105,"Into The Open Air - From ""Brave""/Soundtrack",Julie Fowlis,2021-05-28,139,50,50,-7,31,2:41,71,55,259,1204,Disney
106,Beauty and the Beast,Angela Lansbury,2001-01-01,91,12,34,-17,19,2:45,77,59,125,6620,Disney
107,"Almost There - From ""The Princess and the Frog"" / Soundtrack Version",Anika Noni Rose,2009-01-01,79,45,54,-8,56,2:25,81,64,260,5319,Disney
108,Something There - Remastered 2018,Angela Lansbury,2018-02-09,126,26,58,-14,43,2:18,84,52,251,2987,Disney
109,Evermore,Dan Stevens,2017-03-10,79,40,28,-9,22,3:15,67,63,149,632,Disney
110,Come on Out,Chandler Kinney,2022-07-15,82,69,65,-7,57,2:46,0,66,23,1846,Disney
111,Stand Out,Tevin Campbell,1995-01-01,142,72,82,-10,94,3:00,3,59,393,6378,Disney
112,Real Gone,Sheryl Crow,2006-01-01,118,79,61,-5,81,3:21,0,67,150,9980,Disney
113,"Just Around the Riverbend - From ""Pocahontas"" / Soundtrack Version",Judy Kuhn,1995-01-01,95,19,31,-17,25,2:28,92,59,261,4338,Disney
114,The Mad Tea Party / The Unbirthday Song / Twinkle Twinkle / Clean Cup Move Down / Mad Watch,Kathryn Beaumont,1997-01-01,100,17,57,-14,30,4:31,96,51,39,688,Disney
115,I Can't Let You Throw Yourself Away,Randy Newman,2019-06-21,106,74,64,-8,90,2:06,44,56,108,8972,Disney
116,"When She Loved Me - From ""Toy Story 2""",Sarah McLachlan,2009-01-01,74,17,27,-13,25,3:05,98,51,68,1185,Disney
117,Life is a Highway,Rascal Flatts,2006-01-01,103,93,56,-6,56,4:36,0,72,69,6115,Disney
118,"Chim Chim Cher-ee - From ""Mary Poppins""/Soundtrack Version",Dick Van Dyke,2013-01-01,106,27,55,-15,46,2:46,82,51,24,1670,Disney
119,The Aristocats,Maurice Chevalier,1996-01-01,120,44,69,-10,95,2:20,83,52,152,1481,Disney
120,"When Can I See You Again? - From ""Wreck-It Ralph""/Soundtrack Version",Owl City,2012-01-01,128,83,64,-7,39,3:38,3,66,153,9210,Disney
121,"Zero - From the Original Motion Picture ""Ralph Breaks The Internet""",Imagine Dragons,2018-11-09,90,66,63,-8,24,3:31,0,70,154,6838,Disney
122,"A Spoonful of Sugar - From ""Mary Poppins"" / Soundtrack Version",Julie Andrews,1997-01-01,111,39,48,-14,64,4:09,74,54,169,3778,Disney
123,"Love Power (End Credit Version) - From ""Disenchanted""/Soundtrack Version",Idina Menzel,2022-11-17,96,68,52,-8,7,2:58,1,38,478,3971,Disney
124,You've Got a Friend in Me,Randy Newman,2019-06-21,116,30,70,-13,47,2:04,82,55,199,6403,Disney
125,"Reflection (2020) - From ""Mulan""",Christina Aguilera,2020-08-28,95,64,35,-8,21,3:38,44,57,126,3103,Disney
126,"Loyal Brave True - From ""Mulan""",Christina Aguilera,2020-03-06,143,39,59,-9,51,2:46,60,56,252,3397,Disney
127,Start of Something New - Nini Version,Olivia Rodrigo,2019-11-08,75,25,45,-7,32,1:41,80,53,247,2220,Disney
128,Prince Ali,Will Smith,2019-05-22,97,77,41,-6,37,3:30,6,64,394,3796,Disney
129,"Nobody Like U - From ""Turning Red""",4*TOWN (From Disney and Pixar’s Turning Red),2022-02-25,105,72,91,-7,73,2:41,13,58,465,4276,Disney
130,How Does A Moment Last Forever (Music Box),Kevin Kline,2017-03-10,95,19,42,-16,31,1:04,81,51,155,2751,Disney
131,All Is Found,Evan Rachel Wood,2019-11-15,83,20,23,-12,20,2:05,93,66,156,6803,Disney
132,Here Comes Elastigirl - Elastigirl's Theme,Michael Giacchino,2018-06-15,144,72,53,-4,85,1:23,4,46,15,6423,Disney
133,"Under the Sea - From ""The Little Mermaid"" / Soundtrack Version",Samuel E. Wright,1997-01-01,100,46,68,-15,86,3:15,72,59,200,8548,Disney
134,The Ballad of the Lonesome Cowboy,Chris Stapleton,2019-06-21,110,54,67,-9,15,1:45,29,46,157,9121,Disney
135,Call me Cruella,Florence + The Machine,2021-05-21,101,57,58,-10,25,2:07,8,58,158,3764,Disney
136,Lost in the Woods - Weezer Version,Weezer,2019-11-15,76,60,40,-6,29,3:05,20,54,159,8014,Disney
137,Baby Mine,Arcade Fire,2019-03-29,102,32,30,-11,15,2:57,71,45,160,4714,Disney
138,How Far I'll Go - Alessia Cara Version,Alessia Cara,2016-11-18,181,54,31,-10,15,2:56,16,63,161,8750,Disney
139,Starting Now,Brandy,2021-05-21,125,85,56,-5,31,3:24,3,55,162,576,Disney
140,Chill or Be Chilled - Frozone's Theme,Michael Giacchino,2018-06-15,106,53,60,-9,50,1:41,9,43,127,5310,Disney
141,Pow! Pow! Pow! - Mr. Incredible's Theme,Michael Giacchino,2018-06-15,80,39,64,-7,36,1:31,16,44,253,4739,Disney
142,"For the First Time in Forever (Reprise) - From ""Frozen""/Soundtrack Version",Kristen Bell,2013-01-01,94,34,36,-9,39,2:30,81,61,384,1632,Disney
143,We Know The Way,Opetaia Foa'i,2016-11-18,98,58,69,-9,39,2:21,36,65,163,5231,Disney
144,Bibbidi-Bobbidi-Boo (The Magic Song),Helena Bonham Carter,2015-01-01,109,42,75,-14,78,1:22,93,51,180,8774,Disney
145,"Can You Feel the Love Tonight - From ""The Lion King"" / Soundtrack Version",Joseph Williams,1994-01-01,78,13,31,-19,47,2:58,79,61,70,6664,Disney
146,"I Believe (feat. Demi Lovato) - As featured in the Walt Disney Pictures' ""A WRINKLE IN TIME""",DJ Khaled,2018-02-28,176,63,35,-9,34,3:45,18,46,181,9846,Disney
147,"Trip a Little Light Fantastic - From ""Mary Poppins Returns""/Edit",Lin-Manuel Miranda,2018-11-26,113,42,60,-14,56,4:06,68,44,182,5229,Disney
148,The Place Where Lost Things Go,Emily Blunt,2018-12-07,65,7,25,-20,19,3:44,96,48,40,3410,Disney
149,"Part of Your World - From ""The Little Mermaid"" / Soundtrack Version",Jodi Benson,1997-01-01,100,13,39,-15,32,3:15,91,59,170,1990,Disney
150,"Colors of the Wind - From ""Pocahontas""",Judy Kuhn,2012-08-07,92,27,28,-12,26,3:33,94,54,444,961,Disney
151,Ring in the Season,Kristen Bell,2017-11-03,71,43,39,-7,42,1:59,69,53,483,8047,Disney
152,Something There,Emma Watson,2017-03-10,123,32,45,-13,48,2:55,90,55,262,186,Disney
153,"Kiss the Girl - From ""The Little Mermaid""/ Soundtrack Version",Samuel E. Wright,1997-01-01,135,23,67,-17,72,2:43,66,55,298,2074,Disney
154,In This Place,Julia Michaels,2018-11-15,196,62,41,-7,48,3:21,4,51,183,715,Disney
155,I Am Moana (Song of the Ancestors),Rachel House,2016-11-18,149,21,36,-12,23,2:43,57,61,184,2754,Disney
156,A Place Called Slaughter Race,Sarah Silverman,2018-11-15,129,39,43,-10,33,3:28,60,43,185,4459,Disney
157,Beauty and the Beast,Ariana Grande,2017-03-10,81,54,49,-7,27,3:48,13,65,41,6319,Disney
158,The Glory Days - A Cappella,DCappella,2018-06-15,93,56,66,-9,72,1:39,21,40,211,4144,Disney
159,Can You Imagine That?,Emily Blunt,2018-12-07,118,38,58,-11,50,4:23,82,47,263,7762,Disney
160,"Supercalifragilisticexpialidocious - From ""Mary Poppins""/Soundtrack Version",Julie Andrews,1997-01-01,80,61,52,-13,95,2:03,61,47,333,703,Disney
161,"Zero To Hero - From ""Hercules""",Ariana Grande,2015-10-30,116,77,51,-6,60,2:40,34,47,264,7792,Disney
162,Gaston,Josh Gad,2017-03-10,106,59,50,-7,58,4:26,49,57,334,2319,Disney
163,"Friend Like Me - From ""Aladdin""",Ne-Yo,2015-10-30,91,67,62,-6,67,3:03,20,48,71,8517,Disney
164,Be Our Guest,Ewan McGregor,2017-03-10,114,60,43,-8,53,4:49,41,54,186,1446,Disney
165,The Bare Necessities,Bill Murray,2016-04-15,103,66,58,-7,96,3:01,37,48,187,6617,Disney
166,Magic,Sia,2018-03-09,170,66,45,-7,18,3:30,24,44,72,7534,Disney
167,Spirit,Beyoncé,2019-07-11,81,41,44,-9,6,4:33,1,51,73,6305,Disney
168,It's Goin' Down,Dove Cameron,2017-07-21,156,85,48,-6,57,4:12,8,61,0,1918,Disney
169,Flesh & Bone/Come on Out Mashup,Chandler Kinney,2022-10-14,76,74,62,-4,66,2:55,1,42,171,3639,Disney
170,"Feeling the Love - From ""Descendants: The Royal Wedding""",Cast of Descendants: The Royal Wedding,2021-08-13,122,74,68,-6,34,2:57,8,46,188,9721,Disney
171,What Time Is It,Zac Efron,2007-01-01,116,91,74,-3,70,3:18,12,56,74,359,Disney
172,"Kicks - From ""Sneakerella""",Chosen Jacobs,2022-04-29,110,77,84,-5,86,2:47,2,33,189,9091,Disney
173,More Than a Mystery,Meg Donnelly,2020-10-16,109,67,74,-7,60,3:21,18,49,25,3040,Disney
174,"The Proud Family: Louder and Prouder Opening Theme - From ""The Proud Family: Louder and Prouder""/Soundtrack Version",Joyce Wrice,2022-02-23,99,77,64,-7,40,1:35,20,42,191,2995,Disney
175,Alien Invasion,ZOMBIES – Cast,2022-07-15,150,87,59,-5,32,4:01,9,63,42,8925,Disney
176,Calling All the Monsters - 2021 Version,Thriii,2021-10-01,144,87,66,-6,66,3:51,0,47,192,9038,Disney
177,That's So Raven (Theme Song),Raven-Symoné,2020-12-11,125,71,72,-4,96,0:51,1,43,75,9336,Disney
178,"It's On - From ""Camp Rock 2: The Final Jam""",Demi Lovato,2010-01-01,150,94,61,-4,92,4:03,1,49,4,1852,Disney
179,"My Kind of Monster - From ""Under Wraps 2""",Malachi Barton,2022-09-23,158,87,63,-1,92,2:39,7,46,193,6816,Disney
180,The Ghost and Molly McGee Main Title Theme,Ashly Burch,2021-10-01,115,92,63,-5,49,0:40,23,45,194,4021,Disney
181,Guardian Angel,Coco Jones,2012-06-12,132,93,56,-6,33,3:42,1,48,76,4390,Disney
182,"Moon Girl Magic - From ""Marvel's Moon Girl and Devil Dinosaur""",Diamond White,2022-11-14,120,88,82,-3,87,2:18,20,30,195,8984,Disney
183,You Do You,Cast of ZOMBIES: Addison's Moonstone Mystery,2020-10-16,122,68,93,-7,4,1:57,7,40,77,4547,Disney
184,Break This Down,Dove Cameron,2019-08-02,122,79,71,-5,31,3:30,1,56,44,9615,Disney
185,"Feeling the Love/Did I Mention Mashup - From ""Descendants""",Cast - Descendants,2021-11-05,122,86,72,-4,82,3:18,25,37,196,3825,Disney
186,"Shrimpy in the House - From ""ZOMBIES: Addison's Monster Mystery""",ZOMBIES – Cast,2021-10-22,104,79,82,-5,30,2:26,2,45,265,8718,Disney
187,All For One,High School Musical Cast,2007-01-01,150,99,66,-3,78,4:14,12,53,172,1725,Disney
188,Christmas Again,Scarlett Estevez,2021-12-03,78,90,65,-7,93,3:04,8,37,202,7715,Disney
189,Flesh & Bone,Milo Manheim,2020-02-14,140,67,58,-7,37,3:34,3,60,5,3105,Disney
190,"Hands Up Cash Out - From ""The Proud Family: Louder and Prouder""/A Cappella Version",Raquel Lee Bolleau,2022-02-25,186,72,73,-7,66,1:10,13,29,78,6752,Disney
191,Music Is Everything,Marius de Vries,2021-07-30,122,89,67,-8,54,3:14,1,20,79,2388,Disney
192,Best Summer Ever,Ross Lynch,2015-01-01,200,93,48,-4,76,3:29,1,39,2,1139,Disney
193,Feelin' the Power,Cast of ZOMBIES: Addison's Moonstone Mystery,2020-10-16,135,77,60,-5,61,2:21,2,38,398,862,Disney
194,We Own the Summer,Milo Manheim,2020-06-12,196,71,53,-7,64,2:44,14,45,99,3062,Disney
195,Wondering,Olivia Rodrigo,2020-01-10,131,45,46,-7,22,3:45,81,57,329,8089,Disney
196,Call to the Wild,Meg Donnelly,2020-02-14,131,83,79,-7,93,2:37,9,60,173,2087,Disney
197,Heartstomper,Anna Akana,2021-04-23,169,78,56,-6,63,1:39,0,40,203,4914,Disney
198,Hamster & Gretel Theme Song,Dan Povenmire,2022-08-12,142,88,55,-4,72,0:57,0,23,204,5812,Disney
199,Feeling Good,Matan Koplin-Green,2021-07-30,128,86,56,-9,22,4:03,0,21,205,6083,Disney
200,We're Back,Phineas,2020-08-28,160,93,65,-3,93,1:54,13,29,206,6619,Disney
201,Stuck at Home,Big City Greens,2021-02-05,141,66,72,-7,63,2:01,44,43,80,1262,Disney
202,Somebody,Bridgit Mendler,2011-01-01,165,73,46,-5,29,3:29,7,58,207,7290,Disney
203,Descendants Medley,DCappella,2021-09-24,117,93,52,-5,69,3:04,4,33,282,3480,Disney
204,"Change Me - From ""The Proud Family: Louder and Prouder""",MIYACHI,2022-02-25,99,84,88,-5,34,1:10,6,33,208,22,Disney
205,No Reason,Kylie Cantrall,2020-03-20,95,77,55,-5,71,2:16,32,33,43,2442,Disney
206,"I Think I Kinda, You Know - Duet",Olivia Rodrigo,2020-01-10,129,46,80,-8,50,2:52,46,44,395,4522,Disney
207,Put the Happy in the Holidays,Issac Ryan Brown,2020-11-20,114,73,79,-6,75,3:01,3,39,81,7429,Disney
208,"Gotta Find You - From ""Camp Rock""/Soundtrack Version",Joe Jonas,2008-01-01,80,74,33,-5,46,4:02,5,53,209,7125,Disney
209,Silver Screen,Ross Lynch,2015-01-01,130,84,65,-5,64,2:58,1,40,84,5386,Disney
210,"Everything's Magic - From ""Upside-Down Magic""",Cast of Upside-Down Magic,2020-07-31,108,89,63,-6,67,2:01,0,29,210,7402,Disney
211,It's All Music,Marius de Vries,2021-07-30,125,74,56,-8,15,3:51,6,27,399,1540,Disney
212,Supernatural,Raven-Symoné,2020-12-11,100,82,74,-4,93,2:57,8,24,400,7472,Disney
213,Space Between,Dove Cameron,2017-07-21,156,76,43,-4,20,3:26,20,61,82,3703,Disney
214,The Climb,Miley Cyrus,2009-01-01,161,59,33,-7,33,3:56,8,67,26,7121,Disney
215,Like the Zombies Do,Milo Manheim,2020-02-14,114,75,88,-6,94,2:03,11,60,165,6774,Disney
216,We Rock,Cast Of Camp Rock,2008-01-01,144,95,64,-3,80,3:11,1,50,213,5219,Disney
217,Halloween House Party,Chandler Kinney,2020-10-02,104,90,81,-7,48,2:41,2,34,335,2258,Disney
218,Such a Beautiful Day,Candace,2020-08-28,142,73,63,-4,74,2:07,34,30,85,4721,Disney
219,Rotten to the Core (D3 Remix),Dove Cameron,2019-08-02,128,65,76,-5,69,2:48,3,48,113,5489,Disney
220,"Hands Up Cash Out - From ""The Proud Family: Louder and Prouder""/A Cappella Version",Raquel Lee Bolleau,2022-02-25,186,72,73,-7,66,1:10,13,29,401,3654,Disney
221,Start of Something New,Troy,2006-01-01,104,75,67,-6,23,3:17,28,62,10,9778,Disney
222,"Keep It Undercover - Theme Song From ""K.C. Undercover""",Zendaya,2015-01-01,110,77,69,-4,80,2:37,36,50,214,506,Disney
223,Play My Music,Jonas Brothers,2008-01-01,178,88,47,-3,76,3:18,0,52,215,3010,Disney
224,Gotta Go My Own Way,Zac Efron,2007-01-01,89,69,56,-5,31,3:42,9,66,402,4363,Disney
225,Meant to Be,Ross Lynch,2013-01-01,125,70,59,-5,63,3:40,20,52,142,5222,Disney
226,DC Classics Medley,Forever in Your Mind,2016-05-20,128,84,47,-5,60,3:32,12,34,216,1778,Disney
227,Feeling Some Kinda Way,Kylie Cantrall,2019-09-06,91,78,44,-5,47,2:40,1,37,266,1342,Disney
228,So Far So Great - Theme Song to Sonny with a Chance,Demi Lovato,2009-01-01,149,79,57,-6,64,2:15,4,40,100,3361,Disney
229,Us Against the Universe,Candace,2020-08-28,168,89,57,-5,60,2:36,31,35,403,9018,Disney
230,"Brand New Day - From ""Camp Rock 2: The Final Jam""",Demi Lovato,2010-01-01,95,90,54,-4,41,3:21,1,47,166,2927,Disney
231,Something About the Sunshine,Anna Margaret,2010-01-01,125,80,69,-6,76,3:07,9,57,217,6647,Disney
232,That's How We Do,Ross Lynch,2015-01-01,82,96,65,-4,77,3:36,2,49,212,3407,Disney
233,One Kiss,Sofia Carson,2019-08-02,140,79,68,-4,91,2:29,0,60,86,5208,Disney
234,He Could Be the One,Hannah Montana,2009-01-01,126,89,60,-4,64,3:01,0,66,45,7274,Disney
235,A Place for Us,Siena Agudong,2020-07-31,103,78,73,-7,63,3:05,37,31,218,2662,Disney
236,Someday,Milo Manheim,2018-02-16,113,81,77,-5,58,3:04,19,65,248,4135,Disney
237,Bet On It,Troy,2007-01-01,137,67,81,-6,44,3:18,2,62,109,5208,Disney
238,Fabulous,Sharpay Evans,2007-01-01,132,76,83,-5,70,3:01,23,59,219,5347,Disney
239,Digital Love,Meg Donnelly,2019-03-01,115,70,68,-7,56,3:00,3,35,336,8034,Disney
240,"Wildside - From ""Adventures in Babysitting""",Sabrina Carpenter,2016-05-20,123,58,77,-6,74,3:08,0,52,87,1468,Disney
241,Me And You,Coco Jones,2012-06-12,92,89,62,-5,68,3:37,18,57,404,4341,Disney
242,You and Me,Dove Cameron,2017-07-21,170,83,53,-6,43,3:32,0,59,151,2579,Disney
243,Breaking Free,Troy,2006-01-01,108,59,58,-6,33,3:27,5,65,201,7616,Disney
244,Queen of Mean,Sarah Jeffery,2019-08-02,174,79,54,-7,34,3:09,25,64,220,8208,Disney
245,Stand,Meg Donnelly,2018-02-16,188,72,47,-6,32,3:43,0,53,466,9599,Disney
246,Can I Have This Dance,High School Musical Cast,2008-01-01,136,62,56,-5,43,4:04,20,65,337,2400,Disney
247,Who Says,Selena Gomez & The Scene,2011-01-01,101,93,68,-3,74,3:16,8,75,221,7566,Disney
248,If Only,Dove Cameron,2015-01-01,152,60,48,-6,29,3:50,27,69,190,4355,Disney
249,Hero,Christopher Wilde,2010-01-01,186,90,33,-5,60,3:17,3,61,88,9936,Disney
250,This Is Me,Demi Lovato,2008-01-01,91,82,42,-3,59,3:09,1,64,249,1731,Disney
251,Everyday,Troy,2007-01-01,115,72,63,-5,40,4:38,20,58,299,2309,Disney
252,"Wouldn't Change a Thing - From ""Camp Rock 2: The Final Jam""",Demi Lovato,2010-01-01,172,88,36,-4,48,3:24,8,59,330,6151,Disney
253,Starstruck,Christopher Wilde,2010-01-01,174,80,56,-5,80,2:55,4,53,405,6273,Disney
254,What I've Been Looking For,Ryan,2006-01-01,140,60,66,-7,72,2:04,7,58,222,4775,Disney
255,Falling for Ya,Jordan Fisher,2015-01-01,170,86,63,-4,71,2:05,15,45,27,1963,Disney
256,Stick to the Status Quo,High School Musical Cast,2006-01-01,160,72,71,-7,82,4:28,3,56,467,158,Disney
257,Born to Be Brave,Cast of High School Musical: The Musical: The Series,2020-01-10,118,73,71,-5,45,3:10,3,48,174,4218,Disney
258,Did I Mention,Jeff Lewis,2015-01-01,162,88,69,-3,97,2:34,4,61,223,5747,Disney
259,Hasta La Vista,Jordan Francis,2008-01-01,99,89,73,-5,78,2:36,14,47,224,3884,Disney
260,"Cruisin' for a Bruisin' - From ""Teen Beach Movie""",Ross Lynch,2013-01-01,164,91,59,-5,78,3:16,3,66,283,2325,Disney
261,"Heart and Soul - From ""Camp Rock 2: The Final Jam""",Kevin Jonas,2010-01-01,133,85,61,-5,76,2:58,0,46,225,7137,Disney
262,Here We Go,Adam Hicks,2011-01-01,150,94,55,-2,60,2:53,0,45,46,9347,Disney
263,"One and the Same - From ""Princess Protection Program""",Selena Gomez,2009-01-01,158,97,50,-3,71,3:01,0,45,47,660,Disney
264,Wanna Be With You,Jordan Fisher,2015-01-01,150,93,59,-3,90,2:51,8,36,175,1864,Disney
265,Puppy for Hanukkah,Daveed Diggs,2020-12-04,105,66,88,-6,82,3:48,11,30,226,376,Disney
266,Oxygen,Maia Mitchell,2013-01-01,128,94,59,-4,52,3:02,0,45,89,2738,Disney
267,"Just Wanna Go (Theme from Fast Layne) - From ""Fast Layne""",Rayla,2019-02-15,128,76,84,-6,96,1:41,4,36,228,3172,Disney
268,Tomorrow Starts Today (Andi Mack Theme Song),Andi Mack,2017-10-20,200,87,48,-4,77,2:41,20,43,229,9564,Disney
269,Better in Stereo - Theme Song Version,Cast - Liv and Maddie,2015-01-01,110,83,70,-3,82,2:33,22,62,230,7825,Disney
270,"The Best of Both Worlds - From ""Hannah Montana""/Soundtrack Version",Hannah Montana,2006-01-01,124,86,68,-4,68,2:54,5,63,267,7824,Disney
271,Rotten to the Core,Dove Cameron,2015-01-01,128,81,69,-6,55,2:42,5,63,227,796,Disney
272,BAMM,Milo Manheim,2018-02-16,124,87,76,-5,39,3:06,0,57,331,6318,Disney
273,Gotta Be Me,Ross Lynch,2015-01-01,107,97,74,-5,81,3:53,3,53,352,4183,Disney
274,Ruby Rock,Ruby Rose Turner,2018-12-14,128,92,78,-4,90,2:32,1,40,231,6654,Disney
275,VK Mashup,Dove Cameron,2019-08-02,120,96,63,-5,42,2:00,4,46,269,9560,Disney
276,Magic,Selena Gomez,2009-01-01,104,92,60,-3,44,2:50,1,47,268,506,Disney
277,One for All,Milo Manheim,2020-02-14,110,84,76,-7,85,2:52,1,56,396,7335,Disney
278,Ways to Be Wicked,Dove Cameron,2017-07-21,113,98,63,-4,41,3:38,11,62,303,8386,Disney
279,"Can't Back Down - From ""Camp Rock 2: The Final Jam""",Demi Lovato,2010-01-01,120,85,64,-4,70,3:20,8,51,397,1198,Disney
280,The Party's Just Begun,The Cheetah Girls,2006-01-01,104,85,75,-4,93,3:10,10,49,48,1190,Disney
281,"Monsterman - From ""Big City Greens""",Big City Greens,2021-10-08,145,90,68,-4,90,3:14,38,41,406,5174,Disney
282,Legendary,Disney Channel Stars,2018-10-07,98,78,66,-5,54,3:11,2,40,232,8269,Disney
283,"Introducing Me - From ""Camp Rock 2: The Final Jam""",Nick Jonas,2010-01-01,113,50,51,-6,68,3:07,46,64,233,9878,Disney
284,That's What I'm Talkin' Bout,Kylie Cantrall,2019-04-19,180,81,59,-4,88,2:26,9,35,445,9336,Disney
285,The New Kid in Town,Baby Ariel,2020-02-14,97,64,80,-8,71,3:10,1,46,234,3430,Disney
286,Genie in a Bottle,Dove Cameron,2016-03-18,104,70,66,-6,43,2:53,4,57,345,2341,Disney
287,Good to Be Bad - Dance Remix,Dove Cameron,2020-04-03,116,87,78,-5,72,1:31,13,33,379,5946,Disney
288,Chillin' Like a Villain,Sofia Carson,2017-07-21,114,78,70,-7,83,3:14,3,64,407,1693,Disney
289,"Surf’s Up - From ""Teen Beach Movie""",Ross Lynch,2013-01-01,103,87,60,-4,50,3:01,1,44,412,6306,Disney
290,Get'cha Head In The Game,Troy,2006-01-01,113,90,88,-7,53,2:28,4,58,385,4656,Disney
291,What's My Name,China Anne McClain,2017-07-21,114,93,73,-5,66,3:11,10,65,235,4818,Disney
292,Good to Be Bad,Dove Cameron,2019-08-02,116,89,84,-6,65,3:10,11,58,411,3052,Disney
293,Vibes,Issac Ryan Brown,2019-08-23,101,50,67,-10,34,3:15,5,20,408,4615,Disney
294,Night Falls,Dove Cameron,2019-08-02,160,87,72,-5,80,3:08,7,62,449,9833,Disney
295,"Naked Mole Rap Remix - From ""Kim Possible""",Sean Giambrone,2019-02-15,116,94,82,-4,61,2:00,14,27,236,1702,Disney
296,"Surf Crazy - From ""Teen Beach Movie""",Spencer Lee,2013-01-01,170,95,43,-3,68,3:03,16,49,237,1563,Disney
297,"Determinate - From ""Lemonade Mouth""",Adam Hicks,2011-01-01,140,77,56,-5,22,3:18,0,65,270,4940,Disney
298,Like Me,Maia Mitchell,2013-01-01,126,87,74,-5,72,3:19,23,54,409,2114,Disney
299,We Own the Night,Chandler Kinney,2020-02-14,128,92,78,-8,50,2:31,12,62,468,5244,Disney
300,Evil Like Me,Kristin Chenoweth,2015-01-01,85,57,56,-5,37,3:45,61,56,238,690,Disney
301,She's So Gone,Naomi Scott,2011-01-01,142,86,52,-4,46,3:06,3,67,410,2671,Disney
302,We Got This,Milo Manheim,2020-02-14,114,83,78,-7,51,3:12,1,55,488,2557,Disney
303,Set it Off,Dove Cameron,2015-01-01,120,97,64,-4,61,2:54,7,54,493,7961,Disney
304,"This is Our Song - From ""Camp Rock 2: The Final Jam""",Demi Lovato,2010-01-01,129,61,36,-5,39,2:58,9,50,489,2415,Disney
305,Breakthrough,Adam Hicks,2011-01-01,112,88,64,-4,70,3:27,4,55,446,3560,Disney
306,"Strut - From ""The Cheetah Girls 2""",The Cheetah Girls,2006-01-01,120,87,67,-5,56,3:18,43,52,271,7150,Disney
307,You Are the Music in Me,Troy,2007-01-01,102,77,38,-5,48,3:28,44,61,484,7973,Disney
308,On My Own,Ross Lynch,2015-01-01,88,59,67,-7,28,2:25,14,72,491,9782,Disney
309,Kiss the Girl,Samuel E. Wright,2006-01-01,135,24,67,-16,72,2:43,69,56,386,8149,Disney
310,I Won't Say (I'm In Love),Susan Egan,1997-01-01,121,48,68,-10,48,2:20,23,66,414,8877,Disney
311,Dos Oruguitas,Sebastian Yatra,2021-11-19,94,36,42,-11,47,3:35,76,69,447,1412,Disney
312,"So This Is Love - From ""Cinderella""",Ilene Woods,2004-01-01,88,14,23,-17,20,1:33,90,54,90,1121,Disney
313,You'll Be In My Heart,Glenn Close,1999-05-18,102,17,35,-17,34,1:37,88,61,239,3069,Disney
314,Married Life,Michael Giacchino,2009-01-01,83,7,28,-21,11,4:11,97,64,371,603,Disney
315,Reflection,Lea Salonga,1998-01-01,81,17,26,-19,8,2:27,81,61,387,9511,Disney
316,Red Means Love,Julia Lester,2021-07-30,188,71,62,-4,87,2:10,8,34,91,5392,Disney
317,"Beauty and the Beast - From ""Beauty and the Beast"" / Soundtrack Version",Angela Lansbury,1991-01-01,172,16,24,-14,18,2:46,78,57,372,5734,Disney
318,Love,Nancy Adams,2017-08-04,74,27,30,-15,44,1:57,88,48,240,5379,Disney
319,Lava,Kuana Torres Kahele,2015-01-01,75,21,48,-13,43,5:46,94,59,241,4769,Disney
320,Ma Belle Evangeline,Jim Cummings,2009-11-23,139,35,38,-9,31,1:56,81,64,92,8036,Disney
321,A Dream Is a Wish Your Heart Makes,Disney Ukulele,2022-05-13,85,15,81,-13,20,2:16,89,49,242,3937,Disney
322,"Once Upon a Dream - From ""Sleeping Beauty"" / Soundtrack Version",Mary Costa,2001-01-01,85,24,25,-14,21,2:47,97,47,243,6904,Disney
323,Part of Your World - Remastered 2014,Jodi Benson,2014-12-15,138,6,33,-20,29,3:32,95,38,338,8498,Disney
324,Something There,Robby Benson,2001-01-01,126,26,59,-13,53,2:19,83,52,244,3476,Disney
325,Unforgettable,Sia,2016-06-17,85,25,19,-12,8,3:18,91,43,415,6847,Disney
326,"If I Never Knew You - End Title / From ""Pocahontas"" / Soundtrack Version",Jon Secada,1995-01-01,108,27,54,-15,19,4:13,69,46,245,6943,Disney
327,Can You Feel the Love Tonight,Beyoncé,2019-07-11,103,33,34,-10,35,3:03,66,58,416,1306,Disney
328,"The Bare Necessities - From ""The Jungle Book""",Lang Lang,2022-09-16,103,16,43,-19,37,2:40,99,44,275,4540,Disney
329,"Can You Feel the Love Tonight - From ""The Lion King"" / Soundtrack Version",Joseph Williams,2021-05-28,81,19,35,-15,45,2:56,79,55,417,2915,Disney
330,Remember Me (Dúo),Miguel,2017-10-27,85,51,60,-8,57,2:44,41,49,418,6429,Disney
331,Happily Ever After - Full Version,Jordan Fisher,2017-05-12,132,80,48,-5,22,3:58,2,52,339,706,Disney
332,La vie en rose - Single Version,Louis Armstrong,1994-01-01,70,12,56,-10,34,3:26,81,65,276,9525,Disney
333,In a Heartbeat,Frankie Rodriguez,2021-07-30,94,70,76,-5,33,3:01,11,39,277,6161,Disney
334,A Whole New World (Aladdin's Theme),Peabo Bryson,1992-01-01,108,19,54,-17,16,4:10,64,53,278,1711,Disney
335,"Main Title (Bella Notte)/The Wag of a Dog's Tail - From ""Lady and the Tramp""/Soundtrack Version",Disney Studio Chorus,1997-01-01,88,33,16,-12,8,2:03,99,35,49,9680,Disney
336,One Dance,Jodi Benson,2006-01-01,138,28,29,-13,22,3:29,89,31,469,3436,Disney
337,"Never Knew I Needed - From ""The Princess and the Frog""/Soundtrack Version",Ne-Yo,2009-01-01,142,79,65,-5,78,3:37,10,47,419,9600,Disney
338,"Belle - From ""Beauty and the Beast""/Soundtrack Version",Richard White,1991-01-01,129,38,55,-14,42,5:09,83,54,93,8331,Disney
339,"True Love's Kiss - From ""Enchanted""/ Soundtrack Version",Amy Adams,2007-01-01,96,35,24,-9,36,3:13,89,48,448,9818,Disney
340,Baby Mine,Sharon Rooney,2019-03-29,116,4,25,-22,21,1:45,87,44,279,7940,Disney
341,How Does A Moment Last Forever,Céline Dion,2017-03-10,80,27,28,-9,35,3:38,89,56,280,8130,Disney
342,Reflection (2020),Christina Aguilera,2020-09-04,96,63,31,-8,22,3:38,46,52,373,3869,Disney
343,"Once Upon a Dream - From ""Maleficent"" / Pop Version",Lana Del Rey,2014-01-01,120,27,29,-17,17,3:23,66,64,420,9082,Disney
344,I Thought I Lost You - Soundtrack,Miley Cyrus,2008-01-01,103,80,63,-7,63,3:36,0,43,176,4411,Disney
345,"Don't Go Breaking My Heart - From ""Chicken Little""/Soundtrack Version",Runt of the Litter,2005-01-01,132,69,81,-10,72,1:53,18,31,281,322,Disney
346,"Part of Your World (Reprise) - From ""The Little Mermaid Live!""",Auli'i Cravalho,2019-11-06,86,16,17,-12,12,2:12,92,31,177,1593,Disney
347,When I Look At You,Miley Cyrus,2009-01-01,138,55,46,-5,19,4:09,14,61,340,2253,Disney
348,"Footloose & Collar-Free/Bella Notte - From ""Lady and the Tramp""/Soundtrack Version",Oliver Wallace,1997-01-01,129,16,32,-17,25,4:22,99,28,94,1068,Disney
349,"Someday - From ""The Hunchback of Notre Dame""/Soundtrack Version",All-4-One,1996-05-28,167,17,22,-20,11,4:20,38,37,284,8454,Disney
350,A Conversation,Ben Whishaw,2018-12-07,81,13,39,-22,14,2:43,90,35,285,2812,Disney
351,Three Hearts (End Title),Thomas Newman,2016-06-17,117,31,34,-14,5,1:37,74,25,286,5473,Disney
352,"It's Tough To Be a Bug - From ""It's Tough to Be a Bug""",George Wilkins,2013-01-01,71,70,51,-9,89,0:45,61,36,95,527,Disney
353,"Oo-De-Lally - From ""Robin Hood""",Roger Miller,1988-01-01,80,19,67,-17,57,0:58,95,58,96,1269,Disney
354,"Part Of Your World - From ""The Little Mermaid""",Jessie J,2015-10-30,86,25,32,-10,32,3:20,93,43,287,4298,Disney
355,"It's Not Easy - From ""Pete's Dragon""/Soundtrack Version",Helen Reddy,2002-01-01,111,14,66,-17,40,3:10,81,37,288,3904,Disney
356,Seize the Day,Newsies Ensemble,1992-01-01,126,37,46,-13,28,2:02,38,42,289,2323,Disney
357,After Today,Aaron Lohr,1995-01-01,142,62,78,-9,57,2:21,29,48,290,2409,Disney
358,"Colors Of The Wind - From ""Pocahontas""",Tori Kelly,2015-10-30,84,26,40,-11,39,4:07,94,46,291,3364,Disney
359,All In the Golden Afternoon,Kathryn Beaumont,2013-01-01,117,23,52,-14,52,2:41,99,35,272,7789,Disney
360,"The Great Outdoors - From ""Country Bear Vacation Hoedown""",George Wilkins,2013-01-01,119,65,62,-11,49,2:09,59,33,421,9843,Disney
361,"I Wan'na Be Like You (The Monkey Song) - From ""The Jungle Book""",Fall Out Boy,2015-10-30,207,95,22,-4,55,3:19,0,42,422,7117,Disney
362,Nobody Else But You,Bill Farmer,1995-01-01,99,26,50,-12,25,2:34,89,43,292,458,Disney
363,Lavender Blue (Dilly Dilly),Burl Ives,2013-01-01,140,12,60,-13,78,1:02,88,37,97,202,Disney
364,"The Triple R Song (Yippi-A, Yippi-I, Yippi-O)",Tim Considine,2013-01-01,200,34,49,-9,62,3:11,75,29,293,3929,Disney
365,"Let's Get Together - From ""The Parent Trap""",Hayley Mills,1962,76,64,63,-10,86,1:28,73,39,294,549,Disney
366,"I See the Light - From ""Tangled"" / Soundtrack Version",Mandy Moore,2011-10-18,87,13,23,-15,16,3:42,85,59,374,5479,Disney
367,"Someone's Waiting for You - From ""The Rescuers""/Soundtrack Version",Shelby Flint,2002-01-01,164,14,17,-18,17,2:26,53,38,295,1061,Disney
368,"Universe of Energy - From ""Universe of Energy""",Joel Hirschhorn,2013-01-01,107,69,43,-9,30,2:12,1,31,301,1502,Disney
369,La La Lu,Peggy Lee,2006-01-01,79,9,19,-20,26,1:37,98,56,302,4844,Disney
370,"Main Title / Once Upon A Dream / Prologue - From ""Sleeping Beauty""/Soundtrack Version",Chorus - Sleeping Beauty,1995-01-01,138,22,27,-17,20,2:46,91,44,304,926,Disney
371,The Three Caballeros,Clarence Nash,2013-01-01,80,40,57,-9,83,2:09,92,38,305,2901,Disney
372,"The Best Time of Your Life - From ""The Carousel of Progress""",Richard M. Sherman,2013-01-01,129,51,61,-10,86,3:00,72,29,101,9678,Disney
373,"One Little Spark - From ""Journey Into Imagination""",Chuck McCann,2009-10-13,121,74,48,-9,74,3:36,36,31,306,5732,Disney
374,"California Screamin' - From ""California Screamin'""",Gary Hoey,2013-01-01,158,90,28,-9,19,2:34,0,32,307,9151,Disney
375,Duck Tales Theme - From “Duck Tales“,The Disney Afternoon Studio Chorus,2008-01-01,175,49,71,-13,86,2:54,23,49,28,2377,Disney
376,"A Spoonful of Sugar - From ""Mary Poppins"" / Soundtrack Version",Julie Andrews,2013-01-01,112,43,49,-13,62,4:08,71,43,470,5095,Disney
377,"Best of Friends - From ""The Fox & The Hound"" / Soundtrack",Pearl Bailey,2002-08-20,173,21,29,-12,32,2:15,66,40,308,5687,Disney
378,"A Spoonful Of Sugar - From ""Mary Poppins""",Kacey Musgraves,2015-10-30,112,56,49,-8,52,3:38,49,31,423,7169,Disney
379,"The Ballad of Davy Crockett - From ""Frontierland""",The Mellomen,2013-01-01,139,22,83,-12,71,1:41,69,38,102,6543,Disney
380,"One Little Slip - From ""Chicken Little""/Soundtrack Version",Barenaked Ladies,2005-01-01,136,82,51,-8,93,2:53,0,46,309,340,Disney
381,Minnie's Yoo Hoo,Disney Studio Chorus,2013-01-01,109,54,94,-9,94,2:02,75,29,273,1856,Disney
382,I've Got No Strings,Dickie Jones,1992-01-01,92,29,51,-16,84,2:23,68,43,310,4598,Disney
383,"Hawaiian Roller Coaster Ride - From ""Lilo & Stitch""/Soundtrack Version",Mark Keali'i Ho'omalu,2021-05-28,115,70,71,-7,95,3:28,32,51,450,9293,Disney
384,Rockin' at the House of Mouse - Extended Version,Brian Setzer,2001-01-01,210,68,35,-11,66,2:35,3,29,311,5322,Disney
385,"Mickey Mouse Club Alma Mater - From ""The Mickey Mouse Club TV Show""",Jimmie Dodd,2002-08-20,129,7,41,-13,19,1:48,89,31,312,178,Disney
386,"Yo Ho (A Pirate's Life For Me) - From ""Pirates of the Caribbean""",Xavier Atencio,2012-01-01,114,55,55,-10,46,5:43,82,37,313,9959,Disney
387,The Monkey's Uncle,Annette Funicello,2001-01-01,161,88,66,-10,81,2:32,49,29,314,3831,Disney
388,"Fortuosity - From ""The Happiest Millionaire""",Tommy Steele,2002-01-01,176,32,40,-13,65,3:11,82,27,315,1678,Disney
389,"Circle of Life - From ""The Lion King""/ Soundtrack",Carmen Twillie,2021-05-28,83,59,32,-8,56,3:58,3,53,424,4004,Disney
390,"Swisskapolka - From ""Swiss Family Robinson Treehouse""",Buddy Baker,2013-01-01,120,14,95,-14,97,1:54,40,33,316,4299,Disney
391,"What a Dog/He's a Tramp - From ""Lady and the Tramp""/Soundtrack Version",Oliver Wallace,1997-01-01,44,19,43,-16,26,2:25,93,35,425,1721,Disney
392,"Soarin' - From ""Soarin' Over California""",Jerry Goldsmith,2013-01-01,85,41,9,-11,4,4:43,58,42,317,7300,Disney
393,If I Didn't Have You,Billy Crystal,2001-01-01,122,41,64,-10,59,3:38,66,54,318,3773,Disney
394,"When She Loved Me - From ""Toy Story 2"" / Soundtrack Version",Sarah McLachlan,2010-01-01,67,18,39,-12,24,3:03,98,58,426,9368,Disney
395,Heigh-Ho,The Dwarf Chorus,1997-01-01,103,67,79,-11,74,2:47,78,47,319,6014,Disney
396,A Whole New World - Remastered 2022,Brad Kane,2022-09-16,129,23,27,-16,14,2:40,85,52,427,8732,Disney
397,"Golden Dream - From ""The American Adventure""",Randy Bright,2013-01-01,143,41,30,-11,38,3:51,87,29,320,9321,Disney
398,Whistle Stop,Roger Miller,2013-01-01,74,13,77,-16,56,1:32,90,47,428,5408,Disney
399,Whistle While You Work,Adriana Caselotti,1997-01-01,207,35,46,-12,81,3:24,80,43,274,4881,Disney
400,There's a Great Big Beautiful Tomorrow,Rex Allen,2009-10-13,130,51,45,-10,48,2:16,86,38,321,3745,Disney
401,"Mickey Mouse March - From ""The Mickey Mouse Club""",The Mouseketeers,2001-01-01,131,61,70,-14,85,2:41,85,40,322,3958,Disney
402,The Naked Mole Rap,Nancy Cartwright,2013-01-01,105,82,88,-9,77,3:28,22,31,323,6504,Disney
403,"Aloha, E Komo Mai (Theme Song from Lilo & Stitch: The Series) - Extended Version",Jump5,2013-01-01,107,79,80,-10,59,2:24,12,41,324,5384,Disney
404,Theme from Zorro,The Wellingtons,2013-01-01,95,54,43,-8,66,1:22,81,27,103,8726,Disney
405,Scarecrow,The Wellingtons,2013-01-01,95,43,58,-10,52,2:10,94,25,429,8379,Disney
406,"Winnie the Pooh - From ""Winnie the Pooh and the Honey Tree""",Disney Studio Chorus,2009-01-01,70,15,41,-16,46,2:18,85,47,451,6624,Disney
407,"Space Mountain - From ""Space Mountain""",Michael Giacchino,2013-01-01,98,65,17,-8,8,3:11,4,35,479,684,Disney
408,"Whoop-De-Dooper Bounce - From ""The Tigger Movie""",Jim Cummings,2009-10-13,143,71,62,-6,91,2:09,32,35,430,1067,Disney
409,"Kitchen Kabaret Medley - From ""The Land""",The Cereal Sisters,2013-01-01,138,44,61,-10,78,2:22,22,26,325,9268,Disney
410,Disney Classics Medley,Alex G,2013-01-01,94,46,33,-7,41,4:48,81,38,326,4876,Disney
411,Darkwing Duck Theme,The Disney Afternoon Studio Chorus,2013-01-01,209,80,63,-10,86,1:02,9,39,178,6978,Disney
412,"The Bare Necessities - From ""The Jungle Book""/Soundtrack Version",Phil Harris,2021-05-28,103,40,80,-11,55,4:50,76,50,431,1180,Disney
413,"The Time Of Your Life - From ""A Bug's Life""/Score",Randy Newman,1998-01-01,124,48,62,-9,58,3:16,65,40,300,1557,Disney
414,"You Can Fly! You Can Fly! You Can Fly! - From ""Peter Pan""/Soundtrack Version",Bobby Driscoll,2013-01-01,112,36,51,-14,55,4:24,97,29,327,2656,Disney
415,Gitchee Gitchee Goo,Phineas and the Ferbtones,2021-05-28,163,95,72,-4,90,1:58,16,50,328,9535,Disney
416,"Look Through My Eyes - From ""Brother Bear""/Soundtrack Version",Phil Collins,2003-01-01,158,70,39,-8,39,4:00,8,49,452,1536,Disney
417,We Belong Together,Randy Newman,2010-01-01,164,78,60,-8,90,4:03,11,43,388,2806,Disney
418,"It's a Small World - From ""It's a Small World""",Richard M. Sherman,2013-01-01,120,56,63,-9,86,5:05,56,36,432,2065,Disney
419,Gummi Bears Theme,The Disney Afternoon Studio Chorus,2008-01-01,140,45,61,-14,69,2:23,15,38,341,9353,Disney
420,"Little April Shower - From ""Bambi""/Soundtrack Version",Amy Lou Barnes,1996-01-01,90,21,44,-18,12,3:53,96,38,346,8850,Disney
421,"Cheetah Sisters - From ""The Cheetah Girls""",The Cheetah Girls,2013-01-01,107,63,75,-9,40,3:06,13,0,453,1531,Disney
422,Everything Is Not As It Seems - Series Theme Song,Selena Gomez,2009-01-01,125,77,80,-6,92,0:51,5,52,454,3614,Disney
423,"The Tiki, Tiki, TIki Room - From The Enchanted Tiki Room",The Mellomen,1992-01-01,90,64,57,-14,91,2:41,52,37,433,7929,Disney
424,"Grim Grinning Ghosts - From ""The Haunted Mansion""",The Melomen,2012-01-01,120,60,42,-11,35,5:33,74,52,347,3534,Disney
425,"Who's Afraid of the Big, Bad Wolf - From ""Three Little Pigs""",Pinto Colvig,2002-08-20,205,23,61,-12,64,3:07,95,33,348,7758,Disney
426,"Cruella De Vil - From ""101 Dalmatians""/Soundtrack Version",Bill Lee,1998-01-01,105,18,65,-16,27,5:04,99,44,349,6421,Disney
427,Finale,Bruce Healey,2013-01-01,125,47,34,-9,31,3:31,62,33,350,1025,Disney
428,"The Ugly Bug Ball - From ""Summer Magic""",Burl Ives,1963-01-01,131,31,71,-12,65,3:04,84,30,434,5152,Disney
429,"The Bear Band Serenade - From ""Country Bear Jamboree Show""",Pete Renoudet,2013-01-01,131,73,55,-9,91,1:46,44,31,351,702,Disney
430,Nobody's Perfect,Hannah Montana,2007-06-26,132,98,59,-4,79,3:21,6,59,455,5617,Disney
431,"Fall On Me - From Disney's ""The Nutcracker And The Four Realms"" / English Version",Andrea Bocelli,2018-10-12,84,16,36,-11,22,4:19,68,35,354,2224,Disney
432,Hot Dog!,They Might Be Giants (For Kids),2008,93,70,83,-6,88,2:29,33,49,355,6633,Disney
433,Out There,Tony Jay,1996-05-28,142,18,29,-19,20,4:26,82,46,356,685,Disney
434,"Who, What, Why, Where, When and How Day",The New Mouseketeers,2013-01-01,144,76,69,-7,83,1:31,76,23,357,3840,Disney
435,Chip 'N' Dale's Rescue Rangers Theme Song,The Disney Afternoon Studio Chorus,2008-01-01,143,72,69,-13,87,3:39,14,42,471,5463,Disney
436,Theme to Lizzie McGuire - Extended Supa Mix,Angie Jaree,2013-01-01,140,72,55,-11,76,2:34,0,27,358,8083,Disney
437,Canada (You're a Lifetime Journey),Bob Moline,2013-01-01,79,27,20,-13,10,5:51,79,27,359,5105,Disney
438,"Splash Mountain Medley - From ""Splash Mountain""",Robert MacGimsey,2013-01-01,99,47,40,-11,62,10:35,77,34,360,2703,Disney
439,"Space Mountain - From ""Space Mountain""",Dick Dale,2013-01-01,167,73,13,-11,9,2:43,8,32,361,687,Disney
440,"Let It Go - From ""Frozen""",Rascal Flatts,2015-10-30,124,71,56,-6,29,4:08,28,31,435,7105,Disney
441,Steamboat Willie,Walt Disney,2018-11-09,90,46,66,-14,70,7:37,99,34,362,8858,Disney
442,"A Dream Is a Wish Your Heart Makes - From ""Cinderella""/Soundtrack Version",Ilene Woods,2001-01-01,74,13,26,-18,15,4:36,97,46,436,6496,Disney
443,Starting Now Mashup,DCappella,2021-08-20,108,65,42,-6,22,2:24,4,46,353,5584,Disney
444,Home - Disney Princess Remixed,Julia Lester,2021-08-27,160,95,37,-2,53,2:59,1,43,437,5137,Disney
445,Belle Reprise,Paige O'Hara,2001-01-01,123,14,55,-16,23,1:05,87,46,363,599,Disney
446,"Healing Incantation - From ""Tangled""/Soundtrack Version",Mandy Moore,2010-01-01,168,3,37,-23,35,0:54,92,61,480,7243,Disney
447,Almost There - Disney Princess Remixed,Dara Reneé,2021-08-27,168,85,58,-4,41,2:49,3,43,104,3095,Disney
448,How Does A Moment Last Forever (Montmartre),Emma Watson,2017-03-10,95,12,22,-19,7,1:56,92,54,456,5659,Disney
449,"Kingdom Dance - From ""Tangled""/Score",Alan Menken,2010-01-01,156,61,24,-10,47,2:20,9,61,364,5223,Disney
450,"Try Everything - From ""Zootropolis""",Shakira,2016-02-05,115,60,70,-5,47,3:17,3,62,438,9899,Disney
451,"Honor To Us All - From ""Mulan""/Soundtrack",Lea Salonga,2013-01-01,168,40,46,-12,73,3:01,45,45,485,9162,Disney
452,"So This Is Love - From ""Cinderella""/Vocal",Disney Pixar Duets Karaoke,2009-01-01,79,25,32,-12,16,1:35,97,43,365,7044,Disney
453,Live Your Story,Auli'i Cravalho,2018-08-03,136,79,58,-7,28,3:26,0,54,342,3823,Disney
454,"Into The Open Air - From ""Brave""/Soundtrack",Julie Fowlis,2012-01-01,139,39,50,-11,30,2:42,71,52,457,6566,Disney
455,A Dream Is A Wish Your Heart Makes,Vinil,2019-10-25,125,69,69,-6,62,3:19,32,45,366,1206,Disney
456,"Under the Sea - From ""The Little Mermaid Live!""",Shaggy,2019-11-06,100,73,82,-5,84,3:01,29,42,367,4326,Disney
457,A Dream is a Wish Your Heart Makes/So This is Love,Sabrina Carpenter,2016-08-26,94,24,50,-9,22,2:30,91,46,439,6312,Disney
458,Princess Things,Cast - Sofia the First,2013-01-01,174,69,51,-5,58,2:06,36,46,368,4518,Disney
459,"Some Day My Prince Will Come - From ""Snow White and the Seven Dwarfs"" / Soundtrack Version",Adriana Caselotti,2004-01-01,93,19,32,-16,36,1:54,78,41,458,9813,Disney
460,Down In New Orleans,Anika Noni Rose,2009-01-01,138,48,62,-6,43,2:27,56,49,459,4964,Disney
461,Strong,Sonna,2015-01-01,69,56,32,-6,17,3:14,59,50,369,4015,Disney
462,"Part of Your World - From ""The Little Mermaid Live!""",Auli'i Cravalho,2019-11-06,101,22,41,-9,23,3:11,93,44,472,2010,Disney
463,Hakuna Matata,Billy Eichner,2019-07-11,82,58,53,-12,57,4:12,27,57,375,8377,Disney
464,"Be Our Guest - From ""Beauty and the Beast""/Soundtrack",Angela Lansbury,1991-01-01,121,42,52,-13,58,3:45,81,58,481,6480,Disney
465,"In Summer - From ""Frozen""/Soundtrack Version",Josh Gad,2013-01-01,77,34,50,-10,68,1:51,54,61,473,5241,Disney
466,"It's On - From ""High School Musical: The Musical: The Series (Season 3)""/Camp Rock 2: The Final Jam",Cast of High School Musical: The Musical: The Series,2022-07-08,164,77,70,-6,87,3:03,4,48,343,7109,Disney
467,Exceptional Zed,ZOMBIES – Cast,2022-07-15,102,80,75,-6,90,2:31,9,60,460,2389,Disney
468,Friend Like Me,Matthew Morrison,2020-03-06,98,91,63,-3,79,2:32,28,40,376,1792,Disney
469,All Of You,Stephanie Beatriz,2021-11-19,115,47,52,-11,35,4:38,63,65,461,8875,Disney
470,Party In The U.S.A.,Miley Cyrus,2009-01-01,96,70,65,-5,47,3:22,0,75,474,4302,Disney
471,Loyal Brave True,Christina Aguilera,2020-09-04,143,39,59,-9,48,2:46,60,40,482,5832,Disney
472,The Witches Are Back,Bette Midler,2022-09-30,148,98,58,-4,83,1:44,5,63,440,4231,Disney
473,"It's All Right - From ""Soul""/Duet Version",Jon Batiste,2020-12-18,106,49,50,-7,71,2:49,66,47,441,2622,Disney
474,"Zero To Hero - From ""Hercules""",Ariana Grande,2015-10-30,116,77,51,-6,60,2:40,34,40,462,6761,Disney
475,Your Mother and Mine,Kathryn Beaumont,1997-01-01,85,9,35,-19,28,1:58,99,40,463,8381,Disney
476,"Step In Time - From ""Mary Poppins""/Soundtrack Version",Dick Van Dyke,1997-01-01,78,64,37,-12,40,8:43,72,42,179,2496,Disney
477,This Is Me,DCappella,2021-06-04,106,71,56,-7,37,3:06,6,40,413,4884,Disney
478,"Kiss the Girl - From ""The Little Mermaid""/ Soundtrack Version",Samuel E. Wright,2001-01-01,135,23,67,-17,74,2:44,68,46,486,1840,Disney
479,Prince Ali,DCappella,2022-01-05,140,68,54,-6,34,3:28,0,37,492,9099,Disney
480,Fabulous,Cast of High School Musical: The Musical: The Series,2022-08-17,132,65,81,-6,55,3:03,14,38,475,1225,Disney
481,Finally Free,Joshua Bassett,2022-07-27,172,71,43,-6,38,3:18,17,57,377,4011,Disney
482,"All I Want - From ""High School Musical: The Musical: The Series""",Olivia Rodrigo,2019-11-27,78,43,38,-7,13,2:57,9,78,490,937,Disney
483,"Jolly Holiday - From ""Mary Poppins""/Soundtrack Version",Dick Van Dyke,1997-01-01,111,23,50,-18,59,5:24,73,40,344,5451,Disney
484,"The Lion Sleeps Tonight - From ""The Lion King""/Original Broadway Cast Recording",Lebo M.,1997-01-01,68,38,55,-15,56,1:10,66,51,378,5939,Disney
485,You've Got a Friend in Me,Jordan Fisher,2018-04-20,114,26,76,-10,56,2:09,74,47,476,7568,Disney
486,It's A Small World,We Love Disney Artists,2015-10-30,119,44,41,-7,49,3:04,52,35,380,9704,Disney
487,Shiny,Jemaine Clement,2016-11-18,146,68,64,-8,57,3:05,48,63,381,800,Disney
488,"You've Got a Friend in Me - From ""Toy Story"" / Duet",Randy Newman,1995-01-01,107,36,66,-12,31,2:42,67,47,487,3090,Disney
489,Wouldn't Change a Thing,Saylor Bell,2022-09-07,111,83,69,-5,82,2:52,23,45,382,7129,Disney
490,"Gaston - From ""Beauty and the Beast"" / Soundtrack Version",Richard White,1991-01-01,107,61,65,-8,68,3:40,87,53,442,6353,Disney
491,"Chim Chim Cher-ee - From ""Mary Poppins""/Soundtrack Version",Dick Van Dyke,2001-01-01,68,25,37,-16,44,2:47,85,39,477,8640,Disney
492,Here I Come,Dara Reneé,2022-09-07,140,67,60,-6,27,3:18,14,41,443,4311,Disney
493,"Rainbow Connection - From ""The Muppet Movie""",Gwen Stefani,2015-10-30,115,33,46,-9,31,3:24,86,36,383,594,Disney
494,A Cover Is Not the Book,Emily Blunt,2018-12-07,122,54,66,-10,73,4:25,66,49,464,9819,Disney